,total_dupGroups,total_dups,total_prots,genes,phage_count,transpo_count,hypothetical_coun,pseudo,nobs,minmax,mean,variance,skewness,kurtosis,list_dups
GCF_000010765.1,327,969,5667,150,115,131,132,289,327,"(2, 75)",2.963302752293578,18.35447740192492,14.719582447470966,243.14276327118986,2:2:2:2:2:2:2:2:2:2:2:2:2:3:2:2:2:2:2:2:2:2:4:2:2:2:2:2:2:2:2:2:9:2:2:5:6:2:5:2:2:2:7:2:2:2:4:2:2:2:2:2:2:2:2:3:2:4:2:4:2:2:2:2:3:2:2:2:2:4:2:7:2:2:2:2:3:2:2:5:3:2:2:2:2:2:3:3:2:2:2:8:2:2:2:2:2:9:2:2:2:2:2:2:2:3:3:2:2:2:5:2:2:3:2:2:2:3:2:2:3:2:2:2:2:4:2:3:2:2:2:2:3:6:5:4:2:2:2:3:3:3:5:5:6:2:3:2:2:2:6:2:2:2:2:7:2:5:2:2:2:2:2:2:2:2:2:3:5:2:2:2:3:2:4:2:2:3:2:3:2:2:2:13:2:2:6:2:2:4:2:2:5:9:2:7:3:3:3:2:10:2:2:2:2:5:2:2:2:2:3:3:2:2:2:5:5:2:4:2:4:2:3:7:2:2:2:2:3:2:2:2:2:2:2:2:2:2:2:3:5:2:2:5:3:2:2:3:2:9:3:2:2:2:2:2:3:5:4:2:2:3:2:3:2:6:2:2:2:2:2:2:2:2:4:5:2:2:2:2:2:2:2:2:2:2:5:4:2:2:75:2:2:5:6:2:3:2:7:2:3:2:3:2:2:2:2:3:2:2:2:3:2:2:3:2:2:3:2:5:2:2:2:2:2:2:2
GCF_000017765.1,120,307,4323,79,1,71,30,151,120,"(2, 19)",2.558333333333333,4.013375350140056,6.708915313350135,48.09174206507864,2:2:4:2:3:2:4:2:2:3:2:2:2:2:2:2:2:4:2:2:2:2:2:3:3:3:2:3:2:19:2:2:2:2:3:2:3:4:2:15:2:2:2:2:2:4:4:2:2:2:2:2:2:2:2:2:2:2:2:2:2:2:3:2:2:2:2:2:3:2:2:2:3:3:2:2:4:3:2:3:3:2:2:2:2:2:2:2:2:2:2:2:2:3:2:2:3:2:2:2:2:2:3:2:2:2:2:2:2:3:2:2:2:5:2:3:2:2:2:2
GCF_000026245.1,182,487,4863,108,23,104,56,174,182,"(1, 16)",2.6758241758241756,3.0269261125614717,5.112736117829106,31.367840769650158,1:2:2:3:4:5:2:2:3:2:2:3:2:2:3:3:2:2:2:3:14:2:4:2:2:2:2:2:2:4:2:2:16:5:2:3:2:2:8:4:2:2:2:3:2:3:12:2:2:3:2:2:4:2:2:2:2:2:2:2:2:2:2:2:2:3:2:2:2:3:2:4:2:2:3:2:3:3:2:3:2:2:2:2:2:2:2:3:2:2:1:4:2:2:4:2:3:2:2:2:2:3:2:2:2:2:4:2:2:6:3:2:2:5:2:1:2:2:3:5:4:2:3:2:2:5:3:2:2:3:2:2:2:2:2:2:2:2:2:3:2:4:2:3:2:3:4:2:4:3:2:2:2:2:2:2:3:3:3:2:2:3:2:3:3:2:2:2:2:2:2:3:2:2:2:3:3:2:2:3:2:3
GCF_000299455.1,231,612,5191,117,23,129,87,219,231,"(2, 11)",2.6493506493506493,1.741727837380011,3.166326533252474,12.823594192497506,3:3:5:2:4:6:2:2:2:2:4:4:2:2:2:2:2:2:3:2:3:2:2:2:2:2:11:2:2:2:2:2:2:2:2:2:2:2:3:2:2:7:2:3:2:2:2:2:4:2:3:2:2:4:2:5:2:6:2:3:2:2:2:2:2:2:3:2:2:2:2:3:2:9:3:2:10:2:6:2:2:2:2:2:3:4:2:2:2:3:2:3:4:2:2:2:2:2:2:4:2:3:3:3:3:2:2:2:2:2:2:2:3:2:2:2:2:3:2:2:3:2:2:5:2:2:2:2:2:2:2:4:4:2:3:2:3:4:2:3:2:5:3:2:2:2:2:2:4:4:2:2:2:2:2:2:7:2:2:3:2:4:3:3:2:4:5:2:2:2:2:6:3:5:2:3:2:2:2:2:2:2:2:2:2:2:2:2:3:3:3:2:5:2:2:4:2:2:2:2:5:2:2:2:2:2:2:2:2:2:2:5:2:2:2:2:2:3:2:4:2:3:2:2:2:2:3:2:2:4:3
GCF_000829985.1,168,402,4803,82,26,56,45,151,168,"(2, 12)",2.392857142857143,0.9944396920444823,5.838864081940889,49.82014734651408,2:4:3:2:4:2:4:2:2:2:2:2:2:2:2:2:3:2:2:2:2:2:2:2:2:2:2:2:2:2:2:4:3:2:2:2:2:2:2:2:12:2:2:2:4:2:2:2:3:3:2:2:2:3:2:2:3:2:3:3:2:3:3:2:2:2:2:2:2:2:3:2:2:2:3:2:2:2:2:2:2:2:2:2:2:2:2:2:2:2:2:2:2:2:2:2:2:2:4:4:2:2:2:2:5:3:4:2:2:2:2:2:4:3:2:4:3:3:2:2:2:2:2:2:2:4:2:4:2:2:2:2:2:4:2:3:2:2:2:2:2:2:2:2:2:4:2:3:3:2:2:2:3:3:2:2:2:2:4:2:2:2:2:2:2:2:3:2
GCF_001280345.1,222,524,5179,95,41,51,57,179,222,"(2, 14)",2.3603603603603602,1.1003220414985122,6.973311291980015,68.42413142061629,2:2:7:4:2:2:2:2:2:2:3:2:2:2:4:2:2:2:2:2:2:2:2:2:2:2:2:2:2:2:2:2:2:3:3:2:2:3:2:2:3:3:2:3:2:2:3:2:3:2:2:2:2:2:2:2:3:2:2:3:2:5:2:2:2:2:2:2:3:3:2:2:2:2:2:2:2:2:2:2:2:2:2:2:2:2:4:2:2:2:3:2:3:2:2:4:14:4:2:3:2:2:2:2:2:5:2:2:2:2:2:2:2:2:2:2:2:2:2:2:2:3:3:2:2:2:2:2:2:2:2:2:2:2:2:2:2:2:2:2:2:4:2:2:2:2:2:2:3:2:4:2:2:2:4:2:2:3:2:3:2:3:2:2:2:4:2:3:2:3:2:2:2:2:2:2:4:3:2:2:2:2:4:2:2:2:2:2:2:4:4:2:2:2:3:2:2:3:2:2:3:4:2:2:2:2:2:2:2:2:2:2:2:2:2:2:2:2:2:2:2:3
GCF_001577325.1,171,387,4932,108,6,57,59,154,171,"(1, 8)",2.263157894736842,0.6303405572755416,4.164735127798032,21.151183413681434,2:3:2:2:2:2:2:2:2:2:2:2:2:2:2:2:2:2:2:2:2:2:2:2:8:2:2:2:2:2:2:2:6:2:2:2:2:2:2:2:2:2:2:2:6:2:2:2:2:3:4:3:2:2:2:2:4:2:3:2:2:2:2:2:2:3:2:2:2:2:2:2:2:3:2:3:3:2:3:2:2:2:5:2:2:2:2:2:2:2:2:2:2:2:2:2:2:2:4:2:2:3:2:2:2:2:3:2:2:2:2:3:2:2:2:2:2:2:2:2:2:2:1:2:3:2:3:2:2:2:2:2:2:2:2:5:2:2:2:2:2:2:3:2:2:2:2:3:2:2:2:3:2:2:3:2:2:2:2:2:2:2:2:2:2:2:2:2:3:3:2
GCF_001617565.1,190,489,5202,112,6,95,80,185,190,"(2, 9)",2.5736842105263156,1.6003620161514898,2.9781741032600917,9.251071489930252,3:2:2:2:2:2:2:2:2:2:2:2:2:2:2:2:2:2:2:7:2:2:2:6:3:2:2:2:3:3:2:4:2:2:2:3:2:2:2:2:3:2:8:3:2:2:3:2:2:2:2:2:3:2:5:2:2:2:4:2:3:2:2:3:2:2:2:2:2:4:4:2:3:2:2:2:2:4:2:6:2:3:4:5:2:2:8:2:2:2:2:4:2:2:2:2:2:2:2:2:4:2:2:2:3:2:2:2:2:2:2:2:5:2:2:2:3:2:2:2:2:9:2:2:4:4:3:2:2:2:7:3:2:2:3:2:3:3:3:2:2:2:3:3:2:2:2:2:2:2:2:2:2:2:2:2:2:2:3:3:2:8:2:3:7:2:2:2:2:2:3:2:2:2:2:2:2:2:2:2:2:2:3:2:2:2:2:3:4:3
GCF_001651925.2,334,1015,5599,164,128,96,113,258,334,"(1, 25)",3.038922155688623,7.527009044973116,4.904241843345481,29.30452927217884,2:3:7:3:3:5:3:2:5:2:5:3:2:2:2:2:2:2:2:2:2:2:2:2:2:6:2:2:3:2:10:4:2:2:6:2:2:2:22:2:2:2:2:2:2:2:2:2:2:2:2:2:2:2:4:2:2:2:2:2:25:2:2:2:2:3:2:3:2:2:2:2:2:3:2:2:2:3:3:2:3:2:2:2:2:2:2:2:2:2:6:4:2:2:3:2:2:2:2:3:2:2:2:2:2:2:2:2:2:2:2:2:4:2:2:2:2:3:2:3:2:2:2:2:2:3:2:2:10:2:2:2:2:5:2:2:3:2:2:3:2:2:8:3:2:2:4:2:3:2:3:2:2:2:3:2:7:4:3:2:3:2:2:2:2:2:2:2:5:2:2:2:6:4:4:3:2:9:2:4:2:2:5:3:8:2:2:3:2:3:2:3:2:3:2:2:3:2:2:2:3:2:2:2:3:2:2:5:2:2:2:1:2:3:2:2:2:2:5:4:3:2:22:5:2:2:2:5:3:6:2:5:16:5:9:4:7:2:2:7:2:2:3:4:2:2:2:2:2:2:2:2:2:4:2:2:2:2:2:2:2:2:2:2:2:2:19:3:2:4:2:2:2:2:2:3:2:1:2:8:2:2:2:13:2:2:5:2:2:3:2:4:2:3:3:2:4:2:2:8:2:3:5:2:3:2:2:2:2:7:3:2:2:4:2:2:9:1:2:2:2:5:2:7:2:2:3:7:2:4:2:2:3:2
GCF_001651945.2,326,985,5540,152,125,81,108,247,326,"(1, 23)",3.021472392638037,6.279537517697026,4.203329532800361,22.329426554858856,2:3:7:3:3:3:4:2:5:2:5:2:2:2:2:2:2:2:2:2:2:2:2:2:2:6:2:2:3:2:12:4:2:2:6:2:2:2:19:2:2:2:2:2:2:2:2:2:2:2:2:2:2:2:2:2:4:2:2:2:2:2:23:2:2:2:2:3:3:2:2:2:2:2:2:3:2:2:3:3:2:3:2:2:2:2:2:2:2:2:11:4:2:2:2:2:2:3:2:2:2:2:2:3:2:2:2:2:2:2:2:2:3:2:2:2:2:2:2:2:2:3:2:2:2:2:2:2:3:2:3:2:10:2:2:2:5:2:2:3:2:2:3:2:2:8:3:2:2:4:2:3:3:2:2:3:2:7:4:3:2:3:2:2:2:2:2:3:2:5:2:2:2:6:4:2:9:2:4:2:4:3:8:2:2:3:2:3:2:3:2:3:3:2:2:3:6:2:3:2:2:2:3:2:5:2:2:1:2:2:3:2:2:2:2:2:5:4:3:2:17:5:2:2:2:5:3:6:2:5:14:5:9:4:7:2:2:7:2:2:4:2:2:2:2:2:2:2:4:2:2:2:2:2:2:2:2:2:2:2:2:2:15:4:2:4:2:2:2:2:3:2:1:2:3:8:2:2:11:2:2:5:2:2:2:4:2:3:2:2:2:2:2:8:2:3:5:2:2:3:2:2:2:2:7:3:2:2:4:2:2:9:1:6:2:2:5:2:6:2:2:3:7:2:3:2
GCF_001901425.1,290,736,5215,133,127,44,83,164,290,"(1, 10)",2.537931034482759,1.2182794415940819,3.275401139216664,15.009554138797927,3:3:4:2:3:3:3:2:2:2:3:2:4:2:2:2:3:3:2:2:2:2:2:3:2:3:2:2:2:2:2:2:4:2:3:2:2:3:2:2:2:2:2:2:2:10:2:2:2:2:2:3:3:2:2:2:2:2:2:2:2:2:2:2:3:2:2:2:2:3:2:2:10:2:3:2:2:2:2:2:2:2:2:2:3:2:2:2:3:2:2:2:2:2:3:3:2:6:3:3:2:2:6:2:3:2:2:2:2:5:2:2:3:2:2:2:2:7:2:2:2:2:6:2:2:2:2:5:2:2:2:2:3:5:2:2:2:2:2:3:2:2:2:3:2:2:2:2:3:2:6:3:2:3:2:2:2:2:4:4:2:2:2:2:2:2:3:3:2:2:4:2:3:1:2:2:3:3:3:2:2:2:5:3:2:3:3:2:2:2:5:2:2:3:3:2:2:2:3:2:3:3:3:2:2:3:2:3:3:2:2:3:2:2:2:1:2:2:2:3:2:2:5:4:2:2:4:3:2:2:2:2:3:2:2:2:2:2:2:5:4:2:5:2:2:2:2:2:2:3:2:2:3:2:5:3:2:4:2:2:2:2:2:5:2:3:4:3:2:2:2:3:5:2:2:2:2:2:4:2:2:3:3:2:2:2:2:2:5:2
GCF_002012005.1,166,411,4679,106,2,91,45,202,166,"(2, 8)",2.4759036144578315,1.0751734209565535,3.0416527423812685,10.901127446889058,2:2:2:4:2:2:2:2:2:3:2:3:4:2:2:2:2:2:2:2:2:2:2:2:2:2:2:2:2:2:8:2:2:5:3:4:2:2:2:2:3:2:2:2:4:3:2:2:4:4:2:2:6:2:2:2:4:2:2:2:2:2:2:2:2:2:3:2:2:2:2:3:2:2:2:2:4:4:2:8:2:2:2:3:3:2:2:2:2:2:2:2:4:2:5:2:2:3:2:2:3:2:3:2:3:2:2:2:2:2:3:2:2:2:2:2:3:2:2:2:3:2:4:4:2:4:2:2:2:2:2:2:2:2:5:2:2:2:2:2:2:3:2:2:2:2:2:3:2:2:3:2:2:3:2:2:2:2:2:3:3:2:3:2:7:2
GCF_002012225.1,195,477,5331,92,34,90,62,172,195,"(2, 13)",2.4461538461538463,1.320539254559873,5.403895589416433,39.94390373160858,2:2:4:3:2:2:2:2:3:4:2:2:2:2:3:2:2:2:2:8:2:2:2:2:2:3:8:2:2:3:2:2:2:2:2:2:2:2:3:2:2:2:4:2:2:2:2:4:2:2:3:3:2:2:2:2:2:2:2:2:4:2:3:2:2:2:2:3:2:2:4:2:3:3:2:2:3:3:2:2:4:13:2:3:2:4:3:2:2:2:2:2:2:2:3:2:2:2:4:2:2:2:2:3:2:2:4:2:2:2:2:2:2:2:2:3:2:4:3:2:3:2:2:2:3:2:2:2:2:2:2:2:2:2:2:4:2:2:2:3:2:2:2:5:2:3:2:2:3:2:2:2:4:4:2:2:3:2:4:2:2:3:3:2:2:2:2:2:2:2:2:2:2:2:2:2:2:2:2:2:2:2:2:2:2:2:2:4:3:2:2:2:2:2:2
GCF_002055635.1,176,447,5150,94,11,93,53,188,176,"(2, 10)",2.539772727272727,1.2212662337662337,3.223752593173893,14.297494490775069,2:3:5:2:5:5:5:2:2:2:2:2:2:2:2:3:3:2:4:2:3:2:3:2:2:2:2:2:2:2:2:5:4:2:4:2:2:2:2:4:2:2:3:2:2:2:5:2:2:5:2:3:2:10:2:2:2:3:2:2:2:2:4:4:2:2:2:3:2:3:2:3:2:2:2:4:2:2:3:6:2:2:3:3:2:2:2:2:2:2:3:2:2:4:2:4:2:2:2:2:2:2:2:2:2:3:2:2:2:2:2:2:5:2:3:3:2:2:2:2:2:2:2:2:2:3:2:2:4:2:2:2:3:3:3:3:2:2:4:2:2:2:2:2:2:2:3:2:2:2:8:2:2:2:2:2:2:2:2:2:2:2:2:2:4:3:2:2:2:3:3:2:3:2:2:3
GCF_002056065.1,139,345,4438,82,1,81,33,174,139,"(2, 10)",2.4820143884892087,1.36742779689292,4.2595794162511185,22.781066636977318,2:2:2:3:2:2:3:5:2:5:2:3:2:2:2:3:2:2:3:2:3:2:3:4:2:4:3:4:2:2:2:2:3:10:2:2:2:2:3:2:2:2:5:2:2:3:2:2:2:2:3:2:2:2:2:5:2:2:2:2:2:2:2:4:2:3:2:2:2:2:2:2:2:3:2:10:3:2:4:2:2:2:2:2:2:2:2:2:2:2:3:2:4:2:3:2:2:4:3:2:2:2:2:2:2:2:2:2:3:3:2:4:2:2:2:2:2:2:2:2:2:2:2:2:3:2:2:2:2:4:2:2:2:2:2:2:2:2:2
GCF_002180195.1,156,401,4880,97,3,86,48,181,156,"(2, 20)",2.5705128205128207,3.601447477253929,6.407966467514279,49.857601727155256,2:2:4:2:2:2:2:2:2:2:2:2:2:2:5:2:3:3:2:3:2:3:2:2:2:2:2:4:2:2:3:2:2:2:6:2:3:2:2:2:3:2:4:2:2:4:5:2:3:6:2:2:2:2:2:4:2:2:3:4:2:2:2:2:20:2:3:2:2:2:2:2:2:2:6:2:2:2:2:13:2:3:2:2:2:2:2:2:2:2:2:2:2:2:2:3:2:2:2:2:2:2:2:2:2:2:2:8:2:2:2:2:2:2:2:5:2:2:3:2:2:2:2:2:2:2:2:2:2:5:2:2:2:3:2:2:2:2:2:2:2:2:2:2:2:2:2:4:2:2:2:2:3:3:2:2
GCF_002202175.1,216,559,5339,124,3,79,79,187,216,"(2, 21)",2.587962962962963,2.708505598621878,7.132711886973586,71.68817753146504,4:2:2:2:2:2:2:2:2:2:2:2:2:2:2:2:2:3:3:4:2:2:2:3:3:2:2:2:2:2:2:2:2:3:2:2:2:3:2:2:2:2:5:2:6:3:4:2:4:2:2:2:2:2:2:2:2:3:2:3:6:2:2:5:2:2:2:4:2:3:3:2:2:2:6:2:2:3:2:3:2:2:2:2:2:5:4:2:2:2:4:6:8:2:3:21:2:2:2:2:2:2:2:2:2:2:2:2:2:2:2:4:2:2:3:2:4:2:2:2:2:2:3:2:2:2:2:2:2:3:2:4:7:2:4:2:2:2:2:3:2:2:2:3:2:2:2:3:6:2:5:3:2:3:2:5:2:2:4:2:2:2:2:2:2:6:2:2:2:2:2:2:2:2:2:2:3:2:4:2:2:2:2:4:2:2:2:2:2:2:2:2:2:2:3:2:2:2:2:2:2:2:2:2:2:2:2:2:2:2:2:2:3:4:2:5
GCF_002246595.2,163,443,4744,91,5,125,44,191,163,"(2, 24)",2.7177914110429446,4.61122472165417,6.855990003629195,59.818856256898584,3:2:2:2:2:2:3:2:4:6:2:2:2:2:6:2:2:2:3:3:3:2:2:2:2:2:2:2:3:2:2:8:6:2:5:2:3:3:2:5:3:2:2:3:2:2:2:2:4:2:12:2:2:2:2:8:4:2:2:2:2:2:4:2:2:2:2:2:3:2:3:2:2:2:2:3:2:2:24:2:2:2:2:2:2:2:2:2:2:3:2:2:2:2:2:4:5:2:2:2:2:2:2:2:2:3:2:2:2:3:3:2:2:2:3:3:2:7:2:2:3:2:2:2:2:2:3:4:2:2:3:2:2:2:4:2:3:4:2:2:2:2:2:2:3:6:2:3:2:2:2:3:2:3:2:2:2:2:2:2:2:2:2
GCF_002285755.1,191,435,4952,79,15,59,60,173,191,"(1, 7)",2.277486910994764,0.5699641774593551,3.7620687363798675,17.640672813039096,2:2:2:2:2:2:2:2:2:2:2:2:2:2:3:2:2:2:2:2:2:2:6:2:2:3:2:2:2:2:2:3:2:3:2:2:2:2:2:2:3:3:3:7:2:2:2:3:2:2:2:2:2:2:2:2:2:2:2:2:2:2:3:4:2:3:2:2:4:2:2:2:3:2:3:3:2:2:2:2:4:2:3:3:3:2:2:2:2:2:2:2:2:2:2:2:2:2:2:2:2:2:2:2:3:3:2:2:2:2:2:2:2:2:2:2:4:2:2:4:2:2:2:3:2:2:4:2:2:1:2:2:2:4:2:2:2:3:2:2:2:2:2:2:2:2:2:2:2:2:2:2:2:3:2:2:2:2:2:2:2:3:2:2:4:7:2:2:2:2:2:2:2:2:2:2:3:3:2:2:2:2:2:2:2:2:2:2:2:2:2
GCF_002741475.1,171,441,4685,117,14,104,53,205,171,"(2, 8)",2.5789473684210527,1.1275541795665633,2.497663648052818,7.06393422156119,3:2:2:3:2:2:2:2:2:5:2:2:3:2:2:2:2:6:2:6:2:2:2:2:2:2:2:2:2:3:2:2:2:2:3:2:2:2:3:4:2:3:2:3:2:2:5:2:2:2:2:2:2:2:2:3:2:2:3:2:2:8:2:4:2:2:2:2:2:2:2:2:2:2:3:2:2:2:3:3:3:2:4:5:2:2:2:2:2:2:2:3:2:2:2:2:3:2:2:2:2:2:2:2:3:2:4:3:7:3:2:3:4:2:2:2:2:2:2:3:3:2:2:3:5:2:2:2:5:3:4:3:7:3:3:2:3:3:4:2:3:2:2:2:2:2:4:4:3:3:4:3:2:2:2:2:2:2:2:3:2:2:2:2:2:2:3:3:2:5:3
GCF_002855325.1,294,806,5183,169,73,162,79,315,294,"(1, 29)",2.741496598639456,3.7213438276334414,9.269778127453021,117.00708601836698,2:1:2:3:4:2:4:2:2:2:2:2:2:4:2:3:2:2:2:3:2:3:2:2:3:2:5:3:2:3:3:2:3:2:3:2:2:2:2:2:2:2:2:2:2:3:4:3:2:3:4:2:2:5:2:4:2:2:2:4:29:3:3:2:2:3:2:2:2:5:2:6:3:3:2:3:2:4:2:2:2:2:2:2:2:2:2:2:2:2:3:2:5:3:3:2:2:2:2:2:3:4:2:2:3:2:2:2:3:3:2:3:2:2:3:2:2:4:2:6:2:3:2:2:2:3:2:2:3:2:2:12:5:2:2:2:3:6:2:2:2:2:2:4:2:3:2:4:2:6:3:2:2:2:2:2:3:2:5:2:3:2:2:2:3:5:2:2:2:2:4:4:2:2:4:2:2:2:3:3:5:2:2:3:3:2:2:3:2:4:2:2:2:2:4:2:2:4:2:4:3:3:2:4:2:2:8:2:4:3:3:2:2:2:2:2:2:2:3:8:3:3:2:2:2:3:2:3:4:2:2:2:3:4:2:2:2:2:2:2:3:6:3:4:2:3:2:3:2:2:3:5:4:2:4:2:2:2:2:5:2:3:2:2:2:2:2:3:2:2:4:3:2:3:2:2:2:2:2:2:2:2:2:2:3:2:2:3:2:2:5:2:2:2
GCF_002879975.1,196,544,4697,111,39,94,57,203,196,"(1, 33)",2.7755102040816326,6.821140763997909,8.717340751562823,92.24374421164886,2:2:2:2:2:2:2:2:2:2:2:2:2:1:2:2:2:2:2:4:2:2:4:2:2:3:2:2:2:4:2:2:2:2:2:2:2:2:2:2:3:2:33:3:2:2:7:14:4:3:2:8:2:4:2:3:2:2:2:2:3:12:3:3:3:2:2:3:2:5:3:2:3:3:2:2:2:2:2:2:2:3:2:2:2:3:3:3:2:3:2:2:2:3:3:2:2:2:2:2:2:2:2:2:2:3:2:2:2:2:3:4:2:2:2:5:2:2:3:5:2:3:2:3:2:2:2:2:2:2:3:2:3:2:3:3:3:3:2:2:4:2:2:4:3:2:2:2:3:3:2:2:4:2:2:4:8:4:3:2:2:2:2:2:5:2:2:3:2:2:2:2:2:2:2:2:2:3:2:2:4:2:2:3:6:2:3:3:2:2:2:2:2:2:3:4
GCF_002952935.1,122,316,4354,76,9,60,32,149,122,"(2, 17)",2.5901639344262297,3.5992412952174497,5.3034214740709595,31.783068677421475,2:2:2:2:2:2:2:2:2:2:2:2:2:2:2:2:2:2:2:2:2:2:4:11:2:2:11:4:8:2:2:3:2:3:2:5:2:17:2:2:5:2:3:3:2:3:2:2:2:3:2:2:2:2:2:2:2:2:2:3:2:2:2:2:2:2:2:2:4:2:2:4:2:3:2:2:2:3:2:2:3:3:3:2:2:2:2:2:2:3:2:2:2:2:2:2:2:3:2:3:2:2:2:3:2:2:2:2:2:2:4:2:2:2:2:2:2:2:2:3:2:2
GCF_002983645.1,249,692,5258,145,22,130,104,268,249,"(2, 15)",2.7791164658634537,3.0034330871874597,3.691215894479451,16.916188039965824,5:3:3:6:2:2:2:2:2:2:2:2:2:3:2:2:2:2:2:2:2:3:4:2:15:2:2:2:2:2:2:2:2:2:3:2:2:2:5:2:2:2:2:2:2:5:2:7:2:3:2:3:2:12:2:2:10:3:2:2:2:3:2:2:2:3:2:2:2:2:2:2:2:2:2:3:4:4:2:2:2:8:4:2:2:3:4:4:2:4:3:2:2:2:6:3:2:12:2:2:2:3:2:2:3:2:2:3:2:2:2:2:2:2:2:2:3:2:2:2:3:2:2:6:2:2:2:2:2:4:2:3:2:4:2:2:2:3:2:2:3:2:2:2:4:2:2:7:7:2:2:2:6:2:2:2:2:2:4:2:2:9:2:2:2:5:2:3:4:2:6:2:2:3:2:2:2:2:2:2:4:3:4:2:2:2:3:2:2:2:2:2:8:2:2:2:4:2:2:3:3:2:6:3:2:2:2:2:2:3:2:2:3:3:4:6:2:2:2:2:2:3:4:2:3:2:3:4:4:2:2:4:2:2:3:2:2:2:2:2:3:2:2:2:2:3:2:3:2
GCF_003017765.1,306,751,5361,128,39,70,157,176,306,"(1, 12)",2.454248366013072,1.1864245151612556,4.851783000502438,32.780330952396135,2:3:2:3:3:2:2:3:2:2:2:2:2:2:3:4:2:2:2:2:3:2:2:2:3:2:4:2:4:2:2:2:3:2:2:2:2:2:2:2:2:2:2:11:3:2:2:2:6:2:5:4:2:2:2:2:3:2:3:2:2:3:2:2:2:3:2:2:2:2:3:12:2:2:2:2:2:2:2:3:2:2:3:2:3:2:2:2:2:2:2:2:2:3:2:2:2:2:2:2:3:3:2:2:2:2:2:5:2:2:3:2:2:2:3:2:2:2:2:3:2:3:5:2:2:2:4:2:2:2:2:2:3:2:3:3:2:2:3:2:3:2:2:2:2:8:2:2:2:2:2:2:2:2:2:2:3:2:2:2:2:3:2:4:2:2:3:3:2:2:2:2:2:3:2:2:3:2:2:2:2:3:2:2:3:3:2:2:3:2:3:5:2:2:2:2:3:3:2:2:2:2:3:4:3:2:2:2:2:2:5:2:2:3:2:2:3:2:2:2:2:2:2:2:2:2:2:2:2:2:2:2:1:2:2:2:2:2:2:2:2:4:2:4:2:2:6:2:3:2:3:3:2:3:2:3:2:3:2:2:2:3:2:4:2:2:2:2:3:3:2:2:3:2:2:2:3:2:3:5:2:2:2:5:3:2:2:3:2:2:5:2:2:2:2:2:2:2:2:3:3:2:2:2:3:2
GCF_003017805.1,387,1070,5149,258,97,136,89,429,387,"(1, 47)",2.764857881136951,10.118140070423479,9.553195175299466,111.365969934654,2:1:8:7:3:2:2:3:2:2:2:2:2:2:2:6:2:2:2:2:2:2:2:2:2:2:2:2:5:2:5:4:4:2:3:2:2:2:2:2:2:2:2:2:2:2:2:3:2:2:2:2:2:3:2:2:2:2:2:2:2:2:2:3:3:2:2:25:3:3:47:2:3:2:2:19:27:2:2:5:2:2:2:2:3:2:2:2:2:2:2:2:2:2:2:2:2:2:2:2:3:3:2:2:2:2:2:2:2:2:2:2:2:2:2:2:2:3:2:4:2:3:2:2:2:2:2:2:2:2:2:2:2:2:2:2:4:2:2:2:2:2:3:2:2:2:2:4:2:3:2:2:6:2:3:3:3:2:3:2:2:3:2:3:2:3:2:7:2:2:3:2:2:3:2:2:2:4:3:3:3:2:2:2:2:2:2:2:2:2:3:2:2:2:2:2:2:2:2:2:2:6:2:2:2:2:2:2:9:2:2:2:2:2:3:2:4:2:2:2:2:2:2:3:2:2:2:3:3:5:3:2:2:2:2:2:2:2:2:2:2:2:3:2:2:2:2:2:4:5:2:3:3:2:2:2:3:2:2:2:2:2:2:2:3:2:3:2:2:2:2:2:3:2:2:2:2:2:2:3:2:2:3:2:5:4:2:2:3:7:2:3:2:2:3:2:2:6:2:2:3:2:2:2:2:2:2:4:2:2:4:3:2:3:2:2:2:2:2:2:2:2:4:13:2:2:2:2:2:2:2:2:2:3:3:2:2:1:4:2:11:2:2:2:3:3:2:2:2:2:3:7:2:3:5:2:2:2:2:2:3:5:2:2:3:2:2:2:3:2:2:2:2:3:4:4:2:3:2:6:2:2:2:2:2:1:3
GCF_003018215.1,188,453,4765,100,27,52,67,144,188,"(2, 12)",2.4095744680851063,1.1094265559221757,5.153635619924365,37.45074980505514,2:2:2:2:2:2:2:3:2:2:6:2:2:2:2:2:6:2:2:2:2:2:2:2:2:2:2:2:2:2:3:2:2:4:4:2:2:3:2:2:3:2:3:2:2:3:2:12:3:2:3:2:2:2:2:2:2:2:2:2:2:3:2:3:2:3:2:2:3:2:2:2:2:3:2:2:3:2:2:4:2:2:4:2:2:2:3:2:2:2:2:2:2:3:2:2:2:2:2:3:2:2:2:2:2:2:3:2:2:2:6:2:2:2:2:2:2:2:2:5:2:2:2:2:2:2:2:2:2:2:2:2:3:2:2:2:2:2:6:2:2:2:2:2:2:2:2:2:3:2:3:3:3:2:2:2:3:2:2:2:2:2:2:3:3:2:2:3:3:5:2:3:3:2:2:2:3:2:4:3:2:4:2:2:2:2:2:3
GCF_003018235.1,177,430,4864,108,17,58,65,158,177,"(1, 14)",2.4293785310734464,1.598677452491012,5.495541879617987,40.99172141704442,2:2:2:3:2:2:2:2:2:2:2:2:2:2:2:2:2:2:2:2:2:6:2:2:2:6:2:2:5:3:4:6:2:2:3:2:2:2:2:3:8:2:2:6:2:2:2:2:3:2:2:2:2:2:2:2:2:2:5:2:2:2:2:3:2:2:14:2:2:2:2:2:2:2:3:2:3:2:2:2:2:2:2:2:2:2:2:2:2:3:2:3:2:2:3:4:3:2:2:3:2:2:1:2:2:3:2:4:2:2:2:2:2:2:2:2:2:2:2:4:2:2:2:3:3:2:2:2:2:3:2:2:2:3:2:2:2:3:2:2:3:2:2:3:3:2:2:2:2:2:2:2:3:4:2:3:2:2:2:2:2:2:3:2:3:2:2:2:2:4:2:2:2:2:1:2:2
GCF_003018935.1,291,911,5305,126,111,126,110,238,291,"(1, 39)",3.1305841924398625,13.051854485128569,6.727986536449414,55.26157950456637,2:3:7:2:3:3:4:1:6:4:2:2:2:2:2:2:2:4:2:2:2:2:3:2:2:2:2:2:2:2:3:2:2:2:18:2:6:2:2:2:2:2:2:2:2:2:3:2:2:2:3:2:9:2:2:35:4:10:3:2:2:39:3:2:2:3:2:2:2:4:2:3:2:2:2:2:2:3:2:2:2:2:3:2:3:2:2:2:2:3:2:2:3:2:2:2:2:3:2:2:2:2:2:2:2:2:2:9:2:2:6:2:2:2:9:2:2:20:2:2:2:2:2:2:2:3:2:2:7:2:2:4:3:2:2:2:2:9:2:5:2:2:3:3:2:4:4:2:2:2:2:2:2:3:10:2:2:2:2:2:2:2:2:2:3:2:2:2:2:2:2:2:4:3:5:2:3:2:2:3:4:5:2:2:4:9:3:3:2:3:2:3:2:2:3:2:16:2:2:5:2:2:4:7:2:3:4:2:2:3:4:4:2:2:2:2:2:2:2:2:2:2:2:2:2:3:2:2:2:2:4:2:2:2:2:2:3:6:2:2:2:3:5:2:2:2:3:2:2:2:10:2:2:2:3:2:2:2:4:2:3:3:8:3:2:3:6:2:2:4:2:2:2:2:2:2:4:4:2:2:2:2:2:4:2:3:2:2:13:2:3
GCF_003019035.1,148,328,5041,43,34,45,49,100,148,"(2, 9)",2.2162162162162162,0.5651774223202795,5.8896054877460715,44.88558180368945,3:2:2:2:2:4:2:2:2:2:2:2:2:3:2:2:2:2:2:2:2:2:2:2:2:2:2:2:2:3:2:2:2:3:2:2:2:9:2:2:2:5:2:2:2:4:2:2:3:2:2:2:2:2:2:2:2:2:2:2:2:2:2:2:4:3:2:2:3:2:2:2:2:2:2:2:3:4:2:2:2:2:2:2:2:2:4:2:2:2:2:2:2:2:2:2:3:2:2:3:2:2:2:2:2:2:2:2:2:2:2:2:2:2:2:2:2:2:2:2:2:2:2:2:2:2:2:2:2:2:2:2:2:2:2:2:2:2:3:2:2:2:2:2:2:2:2:3
GCF_003194345.1,185,455,5056,101,7,81,74,187,185,"(1, 10)",2.4594594594594597,1.369271445358402,3.6792856775250233,15.616068730468559,4:2:3:2:3:2:2:2:2:2:2:2:2:2:3:2:2:2:2:2:2:10:3:6:2:2:2:2:2:2:2:2:2:3:2:2:3:2:2:4:2:2:2:8:3:3:2:2:2:3:2:2:2:2:2:2:2:2:2:2:2:2:2:2:2:2:3:2:2:2:2:3:2:2:2:2:2:2:2:3:2:6:3:4:2:2:2:2:2:8:2:5:2:2:2:2:2:3:2:2:2:2:2:2:2:2:2:2:2:2:3:2:2:4:3:2:2:2:3:2:2:2:2:7:4:4:2:2:3:4:2:2:2:1:2:2:2:3:3:2:3:2:7:2:2:2:2:2:2:3:2:2:2:2:2:2:2:2:3:3:4:2:3:4:2:2:2:2:2:2:3:2:2:3:2:2:2:2:2:2:2:2:2:2:2
GCF_003204155.1,284,793,5407,183,18,163,111,306,284,"(1, 22)",2.7922535211267605,4.052095257054696,5.008990583381255,34.84011121432465,2:3:2:3:2:3:2:2:2:3:2:2:2:2:3:2:2:2:2:2:2:2:2:6:2:10:2:3:2:7:2:2:2:2:2:2:2:4:3:2:2:2:2:2:2:2:2:2:2:2:2:3:2:3:2:2:15:5:2:9:2:22:2:2:4:2:2:2:2:3:2:3:3:2:2:2:2:2:2:3:4:2:2:2:2:2:2:3:11:2:4:2:3:3:3:2:2:2:8:3:2:2:2:2:2:4:4:2:2:2:2:2:2:3:2:3:2:3:2:5:2:2:2:3:2:2:4:6:2:2:2:2:9:3:2:2:2:9:3:2:2:2:2:2:2:4:2:2:2:2:2:4:2:2:3:2:2:2:2:2:2:2:2:3:2:4:2:2:4:2:2:6:3:4:4:3:3:6:2:3:3:5:2:2:5:2:8:3:2:3:2:9:5:2:2:2:2:2:4:8:3:6:3:2:4:2:2:2:2:2:2:2:2:2:2:3:2:2:2:2:2:3:3:2:2:2:3:2:2:2:2:2:2:2:6:2:2:2:2:3:2:2:3:2:3:3:2:4:2:2:2:3:2:3:3:2:2:2:2:2:2:2:2:2:2:3:2:2:2:2:2:7:2:2:1:2:2:2:2:2:2:2:4:2
GCF_003231115.1,158,461,4315,124,4,137,31,250,158,"(2, 23)",2.9177215189873418,4.904015157623155,5.971457566050561,45.56478542473711,4:2:2:2:2:2:2:2:2:2:3:2:3:2:2:2:2:5:2:3:3:2:2:2:2:3:4:2:2:2:2:3:4:2:7:2:5:2:10:2:4:4:5:4:2:4:3:2:2:4:5:2:3:2:3:4:5:3:3:2:4:4:2:3:2:9:2:23:2:5:3:2:2:2:2:3:2:2:2:2:3:3:2:3:3:2:4:2:2:3:2:3:14:2:2:2:3:2:2:2:2:2:2:2:2:2:2:2:2:2:2:4:2:2:2:3:6:2:3:2:2:2:4:5:2:2:2:2:2:2:2:3:2:3:3:2:2:4:2:2:2:3:3:2:2:3:3:4:2:3:2:2:3:2:4:2:2:3
GCF_003268695.1,164,401,4683,122,3,76,31,198,164,"(2, 8)",2.4451219512195124,0.9846999850366603,2.7974673166537847,8.896976595316348,2:2:2:2:4:2:2:2:3:2:2:2:3:2:2:2:2:2:2:3:2:2:2:2:5:7:3:2:2:3:2:2:2:2:2:2:5:2:2:2:2:2:2:2:3:6:2:2:2:2:2:2:2:2:2:2:4:5:2:2:2:2:2:3:2:2:2:2:2:2:2:5:2:2:4:3:3:8:2:2:2:2:3:2:4:4:2:4:2:2:2:2:2:4:2:5:2:2:2:2:2:2:3:2:3:3:2:2:2:2:2:2:2:2:2:2:3:2:2:2:2:2:2:2:2:2:2:3:2:4:2:4:2:2:2:2:2:2:2:2:4:2:4:2:2:3:2:2:2:2:2:5:2:3:2:2:3:2:2:2:2:2:2:2
GCF_003355175.1,221,490,4578,208,5,42,42,246,221,"(2, 6)",2.2171945701357467,0.41624845742492816,3.7332606398968764,15.141870223439767,3:2:3:2:2:2:2:2:2:2:6:2:2:3:2:2:2:4:2:2:2:2:2:2:2:2:3:3:2:3:2:2:2:2:2:2:2:2:2:2:2:2:2:2:2:5:3:2:2:2:2:2:2:3:2:2:3:2:2:2:2:2:2:2:2:3:2:2:2:2:2:3:2:3:2:2:3:2:2:2:2:3:2:2:2:2:2:2:2:2:2:2:2:2:2:2:2:2:5:2:2:2:2:2:2:2:5:2:2:2:2:2:3:2:2:6:2:3:2:2:2:2:2:2:2:2:2:2:2:2:2:2:2:2:2:2:2:2:2:2:2:3:2:2:2:2:2:2:2:2:2:2:2:2:2:2:2:2:2:2:2:2:2:3:5:2:2:2:2:2:2:2:2:2:2:2:2:2:2:2:2:2:2:2:2:2:2:3:2:2:2:2:2:2:4:2:2:2:2:2:2:2:3:2:2:2:2:2:2:2:2:2:3:2:3:2:2:2:2:4:2
GCF_003856995.1,213,503,5300,152,4,86,64,183,213,"(2, 9)",2.3615023474178405,0.9394543360793693,4.148469242283641,21.442805114398425,2:2:2:4:2:2:2:2:2:2:2:2:2:2:2:2:2:2:2:2:2:2:2:2:2:3:4:2:2:2:2:2:2:2:2:2:2:2:2:2:2:3:2:3:4:2:2:4:2:2:4:2:2:6:2:2:2:2:3:3:2:2:2:2:2:2:2:9:5:2:6:2:4:2:2:2:2:2:2:2:3:2:2:2:2:2:2:3:2:2:2:3:2:4:2:2:2:2:2:9:2:3:2:3:2:2:6:2:2:2:2:2:2:2:2:2:4:2:2:2:2:2:2:2:2:2:2:2:2:2:2:2:2:2:2:2:2:4:2:2:2:2:2:2:2:3:2:3:2:2:2:2:2:2:2:2:3:3:2:2:2:2:2:2:3:2:3:3:2:2:2:3:2:2:2:2:2:2:2:2:3:4:3:2:4:2:2:3:2:3:2:2:2:3:2:2:3:2:2:2:2:2:2:2:2:2:2:2:2:4:2:2:2
GCF_003956345.1,259,738,4901,157,31,212,68,324,259,"(2, 29)",2.8494208494208495,8.329951213672143,6.579286273505237,50.24639407105897,2:17:2:4:2:2:2:2:2:2:2:2:3:2:2:3:3:4:2:2:2:2:2:2:3:2:2:5:2:3:2:3:2:2:2:2:2:2:4:4:4:2:3:2:2:2:3:2:2:2:2:28:12:2:2:3:2:2:3:29:2:6:2:4:6:2:2:2:14:2:4:2:2:2:2:3:2:2:2:2:2:2:2:2:2:2:2:5:2:2:3:2:2:4:2:2:2:2:2:2:2:2:4:2:3:2:2:2:2:2:2:2:3:2:2:5:2:2:2:2:3:4:2:2:3:3:2:2:4:2:2:2:2:2:2:2:7:2:4:2:2:2:2:3:2:2:2:2:2:2:2:2:4:4:2:2:5:2:2:2:2:2:2:2:2:2:7:3:2:10:2:2:2:3:3:2:2:3:2:2:3:2:2:2:2:14:2:2:4:2:2:3:4:2:3:2:3:2:2:2:2:2:2:3:5:2:6:2:3:2:3:2:2:4:3:2:2:2:2:2:3:2:2:2:4:2:2:3:2:2:2:2:4:2:2:2:2:2:3:2:2:3:2:2:2:2:2:3:2:2:2:2:2:2:2:2:2:2:2
GCF_003966445.1,334,972,5654,182,114,125,122,298,334,"(2, 60)",2.910179640718563,12.31022639405873,13.24069102622492,208.83949392825215,9:9:5:3:5:3:2:2:2:2:4:2:3:2:2:2:2:2:3:3:2:2:2:3:2:3:2:4:3:3:6:2:2:2:2:2:2:2:2:4:2:3:2:2:6:2:3:2:2:2:2:2:2:2:2:2:2:2:4:2:6:60:2:7:2:2:7:2:3:2:2:2:2:2:2:2:2:2:3:3:2:2:3:2:2:2:2:2:5:2:2:2:2:2:2:2:3:2:2:2:2:2:2:2:2:2:2:3:2:2:2:2:2:2:2:2:2:2:2:2:2:2:2:2:9:2:2:2:2:2:4:6:6:2:2:4:2:2:7:4:2:2:2:3:2:2:3:2:2:4:2:2:2:2:2:2:2:3:3:3:9:2:3:2:2:2:2:7:2:2:2:2:2:4:3:2:4:2:2:8:2:2:3:2:2:3:2:2:3:2:2:3:4:2:4:2:4:2:2:3:2:4:2:2:2:2:2:2:2:2:2:2:2:2:2:2:2:3:2:2:3:10:2:4:2:3:4:3:4:4:8:2:3:2:4:2:2:5:2:3:3:2:2:2:2:2:3:3:2:4:2:2:2:3:3:2:2:3:2:2:2:2:2:4:2:2:6:2:3:2:3:6:5:2:2:10:2:2:2:2:5:2:2:3:5:3:2:3:2:3:2:4:15:2:2:3:6:2:4:2:2:2:3:2:2:2:3:2:2:2:2:2:2:2:2:2:2:2:2:4:2:4:2:2:3:2:2:2:4:2:2:2:2:3
GCF_004011015.1,198,509,5257,84,17,104,64,166,198,"(2, 12)",2.5707070707070705,1.3629954365994976,4.203813383521988,25.447408264069562,4:2:2:2:3:2:2:3:2:2:2:3:2:4:2:2:2:3:2:2:2:2:3:2:2:2:2:2:3:3:3:4:3:2:3:2:2:2:3:2:3:2:3:3:2:2:2:3:3:2:2:2:2:2:2:2:2:2:3:2:2:4:3:2:2:2:2:2:3:3:4:3:2:3:2:4:2:2:2:12:3:2:2:2:2:2:4:4:2:2:2:2:4:2:2:2:3:2:2:4:2:2:3:3:3:3:2:3:5:4:2:9:5:3:2:3:2:2:3:4:2:2:2:4:2:2:3:2:4:2:2:2:2:2:2:2:2:3:3:2:2:2:2:2:2:2:2:5:2:2:2:2:2:2:5:2:2:2:2:3:2:3:2:2:2:3:3:2:2:2:2:3:2:3:2:2:2:7:2:2:2:2:2:2:2:2:2:2:2:4:2:6:4:2:3:3:2:2
GCF_004135165.1,226,553,5083,149,3,82,73,196,226,"(1, 10)",2.4469026548672566,1.314945919370698,3.710773129901626,16.30153789507547,2:4:3:2:2:2:2:2:2:3:2:2:2:2:2:2:2:2:2:2:2:4:5:2:3:2:3:3:3:2:2:2:2:3:2:2:2:2:2:3:2:2:3:2:2:2:2:2:8:4:2:2:2:2:2:2:3:4:5:2:3:6:2:2:2:2:2:4:2:2:3:4:2:2:2:2:3:2:2:2:2:2:2:2:2:2:2:2:3:7:2:2:2:5:2:2:3:2:2:2:2:2:2:2:2:2:3:4:2:2:2:2:2:2:3:2:7:2:2:2:2:2:2:2:2:2:2:3:2:3:2:2:2:2:3:2:4:2:2:2:2:9:2:2:3:2:2:2:2:2:2:2:2:2:10:1:2:2:4:3:3:2:2:2:2:3:2:2:2:2:2:2:2:2:2:2:5:2:2:2:2:3:2:6:4:2:2:2:2:4:2:2:2:2:2:2:2:2:3:2:3:2:2:2:2:3:2:2:2:2:2:2:2:2:2:2:2:2:2:2:2:2:3:2:2:2
GCF_004141955.1,227,559,5187,149,5,82,83,196,227,"(1, 10)",2.462555066079295,1.3824412303613896,3.527551486425992,13.867338445891605,2:3:3:3:3:2:2:2:2:2:2:3:2:2:2:2:2:2:3:2:2:2:7:3:2:2:3:2:3:3:3:2:2:2:2:3:2:2:2:2:3:2:2:3:2:2:2:2:8:2:3:2:2:2:2:2:2:4:5:2:3:6:2:2:2:2:4:4:2:2:2:3:4:2:2:2:2:2:3:2:3:2:2:2:2:2:2:2:3:6:2:2:2:7:2:2:4:2:2:2:2:2:2:6:2:2:2:2:2:2:2:2:2:2:2:7:2:2:2:2:2:2:2:2:2:2:3:2:2:2:2:3:2:3:2:2:2:2:2:10:2:2:3:3:2:2:2:2:2:3:2:2:8:2:2:3:2:3:1:2:2:2:2:2:3:2:3:2:2:2:2:2:2:2:2:6:2:2:2:2:3:2:6:4:2:2:2:2:2:2:2:3:2:2:2:3:2:2:2:3:2:2:2:3:2:2:2:2:2:2:2:2:2:2:2:2:2:2:2:2:3:2:2:2:2:2:2
GCF_004299805.1,210,510,5094,117,34,72,67,203,210,"(1, 8)",2.4285714285714284,0.9350649350649348,3.0987900173120955,11.681248076331187,3:2:2:2:5:3:3:3:2:4:2:2:2:2:2:2:2:2:2:2:3:2:2:2:2:2:3:3:2:4:2:2:2:2:2:2:3:2:2:2:3:2:2:2:2:2:2:3:8:2:2:2:2:2:2:2:2:2:3:2:2:3:6:2:2:2:2:4:2:3:2:2:2:3:4:2:2:2:2:3:2:2:2:4:2:5:2:2:2:2:2:4:2:2:2:2:6:2:2:3:2:2:2:3:2:2:2:2:2:3:2:5:2:2:2:3:2:3:2:2:3:2:2:2:2:2:2:2:2:2:4:2:2:2:3:2:4:2:2:2:2:3:6:4:2:2:2:8:2:2:2:4:3:2:2:2:2:2:2:1:2:2:2:3:2:2:2:2:2:4:2:2:2:3:2:2:3:2:2:3:5:2:2:2:2:2:2:3:2:2:3:2:2:2:2:2:2:2:2:2:2:2:2:3:2:2:3:3:2:2
GCF_004301465.1,115,283,4814,73,10,57,29,133,115,"(1, 14)",2.4608695652173913,1.8471395881006865,5.862932839647946,44.12348190697337,3:2:2:2:2:2:2:2:2:3:2:2:2:2:2:4:6:2:2:3:2:6:3:2:2:2:2:2:2:4:2:3:5:2:2:2:2:2:4:3:3:2:2:2:2:4:2:2:2:2:2:2:3:2:14:2:2:2:2:2:2:2:2:2:2:3:2:2:2:2:5:4:2:2:2:2:3:2:3:2:2:3:3:2:2:2:2:2:2:2:2:3:2:4:2:2:2:2:2:3:2:2:2:2:3:2:2:2:2:2:2:2:2:1:2
GCF_004924255.1,205,568,4853,169,6,138,50,293,205,"(2, 26)",2.770731707317073,5.2069823051171715,7.435251807993492,66.13815649193984,2:2:2:20:2:2:4:2:2:2:4:2:4:2:2:2:2:3:3:6:2:4:2:2:3:3:2:5:3:2:3:2:4:3:3:2:2:2:2:2:3:2:3:2:2:4:2:2:6:2:2:2:2:2:2:2:3:2:2:4:5:2:2:2:2:2:2:2:3:2:2:3:2:5:2:4:2:2:5:2:6:6:2:4:2:2:2:2:2:4:3:2:2:2:2:2:2:2:2:2:2:3:3:3:2:3:3:6:3:2:2:4:2:4:26:2:5:2:2:3:2:2:2:2:2:2:2:2:2:3:5:2:2:3:2:2:2:2:2:2:2:3:2:2:3:3:2:2:2:2:4:2:4:5:2:2:2:2:6:2:3:2:2:3:2:2:2:2:3:3:7:3:2:2:2:2:2:2:2:5:2:2:2:2:2:2:2:2:3:2:2:2:3:2:3:2:2:2:2:2:2:2:2:3:2
GCF_005037725.1,364,1149,5746,165,146,122,180,231,364,"(1, 16)",3.1565934065934065,5.713702963702963,2.824777792465621,8.266936570527186,1:7:2:1:2:3:7:2:2:2:2:2:6:2:2:2:3:2:2:2:2:2:4:2:3:2:4:9:2:7:2:3:2:2:2:2:2:14:16:2:2:3:2:2:2:3:2:4:2:2:2:2:2:2:2:2:2:2:2:10:8:4:2:2:2:13:2:2:2:2:2:2:2:3:2:2:4:2:2:2:2:2:2:6:3:2:2:3:14:3:2:3:2:2:2:3:2:2:2:2:5:2:2:2:2:2:4:2:2:2:2:2:2:3:2:4:12:2:2:2:4:7:2:2:2:4:2:2:10:3:3:10:2:2:2:2:3:2:2:2:2:2:2:2:2:2:2:2:2:2:2:2:3:3:2:3:2:2:3:3:2:2:2:2:4:11:10:2:7:3:3:2:2:4:8:2:2:2:4:2:2:2:2:2:2:3:2:4:6:2:3:2:4:2:2:3:7:2:4:3:2:4:2:2:4:2:2:4:9:4:2:2:3:2:2:4:3:7:4:6:5:2:7:2:3:2:2:4:2:3:2:6:12:2:7:12:7:7:4:4:3:2:2:3:2:10:2:2:2:4:5:2:2:2:1:3:2:3:2:2:2:2:3:3:3:2:2:12:4:2:3:2:3:2:2:2:2:2:2:8:4:2:3:2:5:2:2:10:2:2:2:3:2:4:3:14:2:2:3:2:2:2:2:12:7:2:6:3:2:2:4:3:2:3:2:3:2:2:4:2:2:2:3:2:2:2:2:2:2:5:3:2:2:2:4:4:2:2:4:3:2:4:3:2:2:2:3:1:2:2:2:3:3:2:2:2:2:2:4:2:2:2:3:2
GCF_005037795.1,303,801,5298,106,106,80,102,175,303,"(1, 29)",2.6435643564356437,3.673857451970363,9.198826158491187,117.36946841377808,5:3:2:3:2:2:2:2:4:5:2:2:2:2:2:2:3:2:3:2:2:4:2:6:2:2:2:2:2:2:2:2:4:2:4:2:2:2:2:2:2:2:2:2:2:2:2:2:2:6:6:29:3:2:2:2:2:2:2:2:3:2:2:2:2:2:2:2:2:2:2:5:2:2:3:2:3:2:10:2:3:2:2:2:2:3:2:3:2:3:2:2:4:2:5:2:2:2:2:2:3:5:2:2:7:2:2:2:2:4:7:3:2:2:2:2:2:2:2:2:2:2:2:5:3:2:4:2:2:2:5:2:2:2:2:2:2:3:3:2:2:2:2:2:2:6:2:2:2:3:2:3:4:3:2:2:2:3:2:2:2:2:5:2:2:2:3:1:3:2:2:5:3:2:2:3:3:2:2:2:2:3:2:3:2:2:2:2:2:3:2:3:2:2:3:2:2:2:5:2:2:2:3:3:3:2:2:2:4:2:3:4:4:5:4:2:2:2:2:3:2:2:2:2:2:2:2:2:2:2:4:2:6:2:2:2:2:2:2:2:5:2:3:2:5:2:8:2:2:2:2:2:2:2:3:2:4:3:3:1:3:2:2:2:2:4:8:2:2:2:2:2:4:2:2:2:2:2:2:2:2:2:2:2:2:4:2:2:2:3:2:2:5:3:2:2:2:2:2:2:2:3:2
